System_name,DefenceFinder,PADLOC
2TM-1TM-TIR,,2TM-1TM-TIR
3HP,Rst_3HP,3HP
6A_MBL,6A_MBL,
AVAST,Avs,AVAST
Abi2,Abi2,Abi2
AbiA,AbiA,
AbiAlpha,AbiAlpha,
AbiB,AbiB,AbiB
AbiC,AbiC,AbiC
AbiD,AbiD,AbiD
AbiE,AbiE,AbiE
AbiG,AbiG,AbiG
AbiH,AbiH,AbiH
AbiI,AbiI,AbiI
AbiJ,AbiJ,AbiJ
AbiK,AbiK,
AbiL,AbiL,AbiL
AbiN,AbiN,AbiN
AbiO,AbiO,
AbiO-Nhi,,AbiO-Nhi
AbiP,,AbiP
AbiP2,AbiP2,
AbiQ,AbiQ,AbiQ
AbiR,AbiR,
AbiT,AbiT,AbiT
AbiU,AbiU,AbiU
AbiV,AbiV,AbiV
AbiZ,AbiZ,AbiZ
Aditi,Aditi,Aditi
All_UG,All_UG,
Ape,Gao_Ape,ApeA
Argonaute,pAgo,argonaute
AspAB,AspAB,
Azaca,Azaca,Azaca
BREX,BREX,brex
Belenos,Belenos,
Belisama,Belisama,
Borvo,Borvo,Borvo
Brig1,Brig1,
Brigantia,Brigantia,
BstA,BstA,BstA
Bunzi,Bunzi,Bunzi
Butters_gp30_gp31,Butters_gp30_gp31,
Butters_gp57r,Butters_gp57r,
CARD_NLR,CARD_NLR,
CBASS,CBASS,cbass
CapRel,CapRel,
Cas,Cas,cas
Ceres,Ceres,
Cernunnos,Cernunnos,
Charlie_gp32,Charlie_gp32,
CoCoNut,CoCoNut,
DISARM,DISARM,disarm
DMS,,DMS
DRT,DRT,DRT
DS-1,DS-1,
DS-10,DS-10,
DS-11,DS-11,
DS-12B,DS-12B,
DS-13,DS-13,
DS-14,DS-14,
DS-15,DS-15,
DS-16,DS-16,
DS-17,DS-17,
DS-18,DS-18,
DS-19,DS-19,
DS-2,DS-2,
DS-20,DS-20,
DS-21,DS-21,
DS-22,DS-22,
DS-23,DS-23,
DS-24,DS-24,
DS-25,DS-25,
DS-27,DS-27,
DS-28,DS-28,
DS-29,DS-29,
DS-3,DS-3,
DS-31,DS-31,
DS-32,DS-32,
DS-33,DS-33,
DS-34,DS-34,
DS-35,DS-35,
DS-36,DS-36,
DS-37,DS-37,
DS-38,DS-38,
DS-39,DS-39,
DS-4,DS-4,
DS-40,DS-40,
DS-41,DS-41,
DS-42,DS-42,
DS-43,DS-43,
DS-44,DS-44,
DS-45,DS-45,
DS-5,DS-5,
DS-6,DS-6,
DS-7,DS-7,
DS-8,DS-8,
DS-9,DS-9,
DUF4238,Rst_DUF4238,DUF4238
Damona,Damona,
DarTG,DarTG,darTG
Dazbog,Dazbog,Dazbog
DdmDE,DdmDE,DdmDE
Detocs,Detocs,
Divona,Divona,
Dodola,Dodola,Dodola
Dpd,Dpd,Dpd
DprA-PRTase,Rst_DprA-PPRT,DprA-PRTase
Druantia,Druantia,druantia
Dsr,Dsr,dsr2
Dsr,Dsr,dsr1
Eleos,Eleos,Dynamins
Epona,Epona,
Erebus,Erebus,
Esos,Esos,
FS_GIY_YIG,FS_GIY_YIG,
FS_HEPN_TM,FS_HEPN_TM,
FS_HP,FS_HP,
FS_HP_SDH_sah,FS_HP_SDH_sah,
FS_HsdR_like,FS_HsdR_like,
FS_Sma,FS_Sma,
GAO,,GAO
GAPS1,GAPS1,
GAPS2,GAPS2,
GAPS3,GAPS3,
GAPS4,GAPS4,
GAPS5,GAPS5,
GAPS6,GAPS6,
Gabija,Gabija,gabija
GasderMIN,GasderMIN,gasdermin
Geb,Geb,
HEC-01,HEC-01,HEC-01
HEC-02,HEC-02,HEC-02
HEC-03,HEC-03,HEC-03
HEC-04,HEC-04,HEC-04
HEC-05,HEC-05,HEC-05
HEC-06,HEC-06,HEC-06
HEC-07,HEC-07,HEC-07
HEC-08,HEC-08,HEC-08
HEC-09,HEC-09,HEC-09
Hachiman,Hachiman,hachiman
Helicase-DUF2290,Rst_HelicaseDUF2290,Helicase-DUF2290
Her,Gao_Her,
Hhe,Gao_Hhe,hhe
Hna,Hna,
Hydrolase-TM,Rst_Hydrolase-3Tm,Hydrolase-TM
Hypnos,Hypnos,
ISG15-like,ISG15-like,ISG15-like
Iet,Gao_Iet,ietAS
Juk,JukAB,Juk
Kiwa,Kiwa,kiwa
Lamassu,Lamassu-Fam,Lamassu
Lanthiphage,Lanthiphage,
Lit,Lit,Lit
Lugos,Lugos,
MADS,MADS,mads
MADS3-4,MADS3-4,
MMB_gp29_gp30,MMB_gp29_gp30,
MazEF,MazEF,
Menshen,Menshen,Menshen
Mok_Hok_Sok,Mok_Hok_Sok,
Mokosh,Mokosh,Mokosh
MqsRAC,MqsRAC,
Mza,Gao_Mza,mza
NLR,NLR,
Nantosuelta,Nantosuelta,
Nemetona,Nemetona,
Nhi,Nhi,
NixI,NixI,
Ogmios,Ogmios,
Old,Old_exonuclease,Old
Olokun,Olokun,Olokun
Oshun,Oshun,
PD-Lambda-1,PD-Lambda-1,PD-Lambda-1
PD-Lambda-2,PD-Lambda-2,PD-Lambda-2
PD-Lambda-3,PD-Lambda-3,PD-Lambda-3
PD-Lambda-4,PD-Lambda-4,PD-Lambda-4
PD-Lambda-5,PD-Lambda-5,PD-Lambda-5
PD-Lambda-6,PD-Lambda-6,PD-Lambda-6
PD-T4-1,PD-T4-1,PD-T4-1
PD-T4-10,PD-T4-10,PD-T4-10
PD-T4-2,PD-T4-2,PD-T4-2
PD-T4-3,PD-T4-3,PD-T4-3
PD-T4-4,PD-T4-4,PD-T4-4
PD-T4-5,PD-T4-5,PD-T4-5
PD-T4-6,PD-T4-6,PD-T4-6
PD-T4-7,PD-T4-7,PD-T4-7
PD-T4-9,PD-T4-9,PD-T4-9
PD-T7-1or5,PD-T7-5,PD-T7-1or5
PD-T7-1or5,PD-T7-1,PD-T7-1or5
PD-T7-2,PD-T7-2,GAO_19
PD-T7-3,PD-T7-3,PD-T7-3
PD-T7-4,PD-T7-4,PD-T7-4
PDC-M01,,PDC-M01
PDC-M02,,PDC-M02
PDC-M03,,PDC-M03
PDC-M04,,PDC-M04
PDC-M05,,PDC-M05
PDC-M06,,PDC-M06
PDC-M07,,PDC-M07
PDC-M08,,PDC-M08
PDC-M09,,PDC-M09
PDC-M10,,PDC-M10
PDC-M11,,PDC-M11
PDC-M12,,PDC-M12
PDC-M13,,PDC-M13
PDC-M14,,PDC-M14
PDC-M15,,PDC-M15
PDC-M16,,PDC-M16
PDC-M17,,PDC-M17
PDC-M18,,PDC-M18
PDC-M19,,PDC-M19
PDC-M20,,PDC-M20
PDC-M21,,PDC-M21
PDC-M22,,PDC-M22
PDC-M23,,PDC-M23
PDC-M24,,PDC-M24
PDC-M25,,PDC-M25
PDC-M26,,PDC-M26
PDC-M27,,PDC-M27
PDC-M28,,PDC-M28
PDC-M29,,PDC-M29
PDC-M30,,PDC-M30
PDC-M31,,PDC-M31
PDC-M32,,PDC-M32
PDC-M33,,PDC-M33
PDC-M34,,PDC-M34
PDC-M35,,PDC-M35
PDC-M36,,PDC-M36
PDC-M37,,PDC-M37
PDC-M38,,PDC-M38
PDC-M39,,PDC-M39
PDC-M40,,PDC-M40
PDC-M41,,PDC-M41
PDC-M42,,PDC-M42
PDC-M43,,PDC-M43
PDC-M44,,PDC-M44
PDC-M45,,PDC-M45
PDC-M46,,PDC-M46
PDC-M47,,PDC-M47
PDC-M48,,PDC-M48
PDC-M49,,PDC-M49
PDC-M50,,PDC-M50
PDC-M51,,PDC-M51
PDC-M52,,PDC-M52
PDC-M53,,PDC-M53
PDC-M54,,PDC-M54
PDC-M55,,PDC-M55
PDC-M56,,PDC-M56
PDC-M57,,PDC-M57
PDC-M58,,PDC-M58
PDC-M59,,PDC-M59
PDC-M60,,PDC-M60
PDC-M61,,PDC-M61
PDC-M62,,PDC-M62
PDC-M63,,PDC-M63
PDC-M64,,PDC-M64
PDC-M65,,PDC-M65
PDC-M66,,PDC-M66
PDC-M67,,PDC-M67
PDC-M68,,PDC-M68
PDC-M69,,PDC-M69
PDC-M70,,PDC-M70
PDC-M71,,PDC-M71
PDC-M72,,PDC-M72
PDC-S01,,PDC-S01
PDC-S02,,PDC-S02
PDC-S03,,PDC-S03
PDC-S04,,PDC-S04
PDC-S05,,PDC-S05
PDC-S07,,PDC-S07
PDC-S08,,PDC-S08
PDC-S09,,PDC-S09
PDC-S10,,PDC-S10
PDC-S11,,PDC-S11
PDC-S12,,PDC-S12
PDC-S13,,PDC-S13
PDC-S14,,PDC-S14
PDC-S15,,PDC-S15
PDC-S16,,PDC-S16
PDC-S17,,PDC-S17
PDC-S18,,PDC-S18
PDC-S19,,PDC-S19
PDC-S20,,PDC-S20
PDC-S21,,PDC-S21
PDC-S22,,PDC-S22
PDC-S23,,PDC-S23
PDC-S24,,PDC-S24
PDC-S25,,PDC-S25
PDC-S26,,PDC-S26
PDC-S27,,PDC-S27
PDC-S28,,PDC-S28
PDC-S29,,PDC-S29
PDC-S30,,PDC-S30
PDC-S31,,PDC-S31
PDC-S32,,PDC-S32
PDC-S33,,PDC-S33
PDC-S34,,PDC-S34
PDC-S35,,PDC-S35
PDC-S36,,PDC-S36
PDC-S37,,PDC-S37
PDC-S38,,PDC-S38
PDC-S39,,PDC-S39
PDC-S40,,PDC-S40
PDC-S41,,PDC-S41
PDC-S42,,PDC-S42
PDC-S43,,PDC-S43
PDC-S44,,PDC-S44
PDC-S45,,PDC-S45
PDC-S46,,PDC-S46
PDC-S47,,PDC-S47
PDC-S48,,PDC-S48
PDC-S49,,PDC-S49
PDC-S50,,PDC-S50
PDC-S51,,PDC-S51
PDC-S52,,PDC-S52
PDC-S53,,PDC-S53
PDC-S54,,PDC-S54
PDC-S55,,PDC-S55
PDC-S56,,PDC-S56
PDC-S57,,PDC-S57
PDC-S58,,PDC-S58
PDC-S59,,PDC-S59
PDC-S60,,PDC-S60
PDC-S61,,PDC-S61
PDC-S62,,PDC-S62
PDC-S63,,PDC-S63
PDC-S64,,PDC-S64
PDC-S65,,PDC-S65
PDC-S66,,PDC-S66
PDC-S67,,PDC-S67
PDC-S68,,PDC-S68
PDC-S69,,PDC-S69
PDC-S70,,PDC-S70
PDC-S71,,PDC-S71
PDC-S72,,PDC-S72
PDC-S73,,PDC-S73
PT,SspBCDE,PT
PT,Dnd,PT
Panchino_gp28,Panchino_gp28,
Paris,Paris,Paris
PfiAT,PfiAT,
Phrann_gp29_gp30,Phrann_gp29_gp30,
Pif,Pif,PifA
Ppl,Gao_Ppl,ppl
Prithvi,Prithvi,
Prometheus,Prometheus,
PrrC,PrrC,PrrC
PsyrTA,PsyrTA,PsyrTA
Pycsar,Pycsar,pycsar
Qat,Gao_Qat,qatABCD
RADAR,RADAR,RADAR
RL,Gao_RL,
RM,RM,RM
Retron,Retron,retron
RexAB,RexAB,RexAB
RloC,RloC,PDC-S06
RnlAB,RnlAB,
RosmerTA,RosmerTA,RosmerTA
Rst_2TM_1TM_TIR,Rst_2TM_1TM_TIR,
Rst_PARIS,Rst_PARIS,
Rst_RT-nitrilase-Tm,Rst_RT-nitrilase-Tm,
SDIC1,SDIC1,
SDIC3,SDIC3,
SDIC4,SDIC4,
SEFIR,SEFIR,SEFIR
SanaTA,SanaTA,
Septu,Septu,septu
Shango,Shango,Shango
Shedu,Shedu,shedu
Shedu,PD-T4-8,shedu
ShosTA,ShosTA,ShosTA
Sirona,Sirona,
SoFIC,SoFIC,SoFic
Stk2,Stk2,Stk2
Sucellos,Sucellos,
TIR-I,TIR-I,
TIR-III,TIR-III,
TIR-IV,TIR-IV,
TIR-NLR,Rst_TIR-NLR,TIR-NLR
TIR-VII,TIR-VII,
TIR-VIII,TIR-VIII,
Taranis,Taranis,
TerY,Gao_TerY,TerY-P
TgvAB,TgvAB,
Tha,Tha,
Thoeris,Thoeris,thoeris
Tiamat,Tiamat,Tiamat
Tin,,Tin
Tmn,Gao_Tmn,tmn
Toutatis,Toutatis,
Ukko,Ukko,
Upx,Gao_Upx,upx
Uzume,Uzume,Uzume
VP1796,VP1796,
VP1817,VP1817,
VP1823,VP1823,
VP1826,VP1826,
VP1839,VP1839,
VP1840,VP1840,
VP1848,VP1848,
VP1851,VP1851,
VP1853,VP1853,
VSPR,,VSPR
Veles,Veles,
Viperin,Viperin,viperin
Wadjet,Wadjet,wadjet
Zorya,Zorya,zorya
dXTPase,dCTPdeaminase,dXTPas
dXTPase,dGTPase,dXTPase
gcu142,gcu142,
gcu167,gcu167,
gcu233,gcu233,
gcu24,gcu24,
gcu76,gcu76,
gcuWGS21,gcuWGS21,
gop,Rst_gop_beta_cll,gop
hma,Hma,hma
spbK,SpbK,spbK
Anti_BREX,Anti_BREX,
Anti_CBASS,Anti_CBASS,
Anti_CRISPR,Anti_CRISPR,
Anti_DSR,Anti_DSR,
Anti_DarTG,Anti_DarTG,
Anti_Dnd,Anti_Dnd,
Anti_Gabija,Anti_Gabija,
Anti_Hachiman,Anti_Hachiman,
Anti_Pycsar,Anti_Pycsar,
Anti_RM,Anti_RM,
Anti_RecBCD,Anti_RecBCD,
Anti_Retron,Anti_Retron,
Anti_TA,Anti_TA,
Anti_Thoeris,Anti_Thoeris,
NADP,NADP,
Other,Other,
